id,species,dbh,h,huber_vol,denzin_vol
1,Betula pendula,10.0,14.3,0.112,0.05
2,Betula pendula,11.4,15.5,0.158,0.07
3,Betula pendula,12.3,16.2,0.192,0.084
4,Fagus sylvatica,7.0,10.1,0.039,0.027
5,Fagus sylvatica,7.0,10.7,0.041,0.028
6,Fagus sylvatica,7.0,10.7,0.041,0.028
7,Fagus sylvatica,7.1,10.8,0.043,0.029
8,Fagus sylvatica,7.1,10.8,0.043,0.029
9,Fagus sylvatica,7.1,10.8,0.043,0.029
10,Fagus sylvatica,7.1,10.8,0.043,0.029
11,Fagus sylvatica,7.2,11.0,0.045,0.03
12,Fagus sylvatica,7.2,11.0,0.045,0.03
13,Fagus sylvatica,7.2,11.0,0.045,0.03
14,Fagus sylvatica,7.3,11.1,0.046,0.031
15,Fagus sylvatica,7.3,11.1,0.046,0.031
16,Fagus sylvatica,7.4,11.3,0.049,0.032
17,Fagus sylvatica,7.4,11.3,0.049,0.032
18,Fagus sylvatica,7.5,12.8,0.057,0.036
19,Fagus sylvatica,7.5,11.4,0.05,0.033
20,Fagus sylvatica,7.5,11.4,0.05,0.033
21,Fagus sylvatica,7.5,11.4,0.05,0.033
22,Fagus sylvatica,7.5,11.4,0.05,0.033
23,Fagus sylvatica,7.7,11.7,0.054,0.036
24,Fagus sylvatica,7.7,11.7,0.054,0.036
25,Fagus sylvatica,7.7,11.7,0.054,0.036
26,Fagus sylvatica,7.8,15.0,0.072,0.043
27,Fagus sylvatica,7.8,11.8,0.056,0.037
28,Fagus sylvatica,7.8,11.8,0.056,0.037
29,Fagus sylvatica,7.8,11.8,0.056,0.037
30,Fagus sylvatica,7.8,11.8,0.056,0.037
31,Fagus sylvatica,7.9,9.1,0.045,0.033
32,Fagus sylvatica,7.9,11.9,0.058,0.038
33,Fagus sylvatica,7.9,11.9,0.058,0.038
34,Fagus sylvatica,7.9,11.9,0.058,0.038
35,Fagus sylvatica,8.0,14.6,0.073,0.044
36,Fagus sylvatica,8.0,12.0,0.06,0.039
37,Fagus sylvatica,8.0,12.0,0.06,0.039
38,Fagus sylvatica,8.0,12.0,0.06,0.039
39,Fagus sylvatica,8.0,12.0,0.06,0.039
40,Fagus sylvatica,8.0,12.0,0.06,0.039
41,Fagus sylvatica,8.1,12.2,0.063,0.04
42,Fagus sylvatica,8.1,12.2,0.063,0.04
43,Fagus sylvatica,8.1,12.2,0.063,0.04
44,Fagus sylvatica,8.2,12.3,0.065,0.042
45,Fagus sylvatica,8.2,12.3,0.065,0.042
46,Fagus sylvatica,8.2,12.3,0.065,0.042
47,Fagus sylvatica,8.3,13.5,0.073,0.045
48,Fagus sylvatica,8.3,12.4,0.067,0.043
49,Fagus sylvatica,8.3,12.4,0.067,0.043
50,Fagus sylvatica,8.4,12.5,0.069,0.044
51,Fagus sylvatica,8.4,12.5,0.069,0.044
52,Fagus sylvatica,8.4,12.5,0.069,0.044
53,Fagus sylvatica,8.5,12.7,0.072,0.046
54,Fagus sylvatica,8.5,12.7,0.072,0.046
55,Fagus sylvatica,8.5,12.7,0.072,0.046
56,Fagus sylvatica,8.5,12.7,0.072,0.046
57,Fagus sylvatica,8.6,12.8,0.074,0.047
58,Fagus sylvatica,8.6,12.8,0.074,0.047
59,Fagus sylvatica,8.6,12.8,0.074,0.047
60,Fagus sylvatica,8.6,12.8,0.074,0.047
61,Fagus sylvatica,8.6,12.8,0.074,0.047
62,Fagus sylvatica,8.7,12.9,0.077,0.048
63,Fagus sylvatica,8.7,12.9,0.077,0.048
64,Fagus sylvatica,8.7,12.9,0.077,0.048
65,Fagus sylvatica,8.8,13.0,0.079,0.05
66,Fagus sylvatica,8.8,13.0,0.079,0.05
67,Fagus sylvatica,8.9,13.1,0.081,0.051
68,Fagus sylvatica,8.9,13.1,0.081,0.051
69,Fagus sylvatica,9.0,13.2,0.084,0.052
70,Fagus sylvatica,9.0,13.2,0.084,0.052
71,Fagus sylvatica,9.0,13.2,0.084,0.052
72,Fagus sylvatica,9.0,13.2,0.084,0.052
73,Fagus sylvatica,9.0,13.2,0.084,0.052
74,Fagus sylvatica,9.0,13.2,0.084,0.052
75,Fagus sylvatica,9.0,13.2,0.084,0.052
76,Fagus sylvatica,9.0,13.2,0.084,0.052
77,Fagus sylvatica,9.1,13.3,0.087,0.054
78,Fagus sylvatica,9.1,13.3,0.087,0.054
79,Fagus sylvatica,9.1,13.3,0.087,0.054
80,Fagus sylvatica,9.1,13.3,0.087,0.054
81,Fagus sylvatica,9.3,13.6,0.092,0.057
82,Fagus sylvatica,9.3,13.6,0.092,0.057
83,Fagus sylvatica,9.3,13.6,0.092,0.057
84,Fagus sylvatica,9.3,13.6,0.092,0.057
85,Fagus sylvatica,9.4,13.7,0.095,0.058
86,Fagus sylvatica,9.4,13.7,0.095,0.058
87,Fagus sylvatica,9.4,13.7,0.095,0.058
88,Fagus sylvatica,9.4,13.7,0.095,0.058
89,Fagus sylvatica,9.5,11.6,0.082,0.054
90,Fagus sylvatica,9.5,13.8,0.098,0.06
91,Fagus sylvatica,9.5,13.8,0.098,0.06
92,Fagus sylvatica,9.6,13.9,0.101,0.061
93,Fagus sylvatica,9.6,13.9,0.101,0.061
94,Fagus sylvatica,9.6,13.9,0.101,0.061
95,Fagus sylvatica,9.6,13.9,0.101,0.061
96,Fagus sylvatica,9.7,14.0,0.103,0.063
97,Fagus sylvatica,9.7,14.0,0.103,0.063
98,Fagus sylvatica,9.7,14.0,0.103,0.063
99,Fagus sylvatica,9.8,13.8,0.104,0.064
100,Fagus sylvatica,9.8,14.1,0.106,0.065
101,Fagus sylvatica,9.8,14.1,0.106,0.065
102,Fagus sylvatica,9.9,14.2,0.109,0.066
103,Fagus sylvatica,9.9,14.2,0.109,0.066
104,Fagus sylvatica,9.9,14.2,0.109,0.066
105,Fagus sylvatica,9.9,14.2,0.109,0.066
106,Fagus sylvatica,9.9,14.2,0.109,0.066
107,Fagus sylvatica,9.9,14.2,0.109,0.066
108,Fagus sylvatica,10.0,14.3,0.112,0.068
109,Fagus sylvatica,10.0,14.3,0.112,0.068
110,Fagus sylvatica,10.0,14.3,0.112,0.068
111,Fagus sylvatica,10.0,14.3,0.112,0.068
112,Fagus sylvatica,10.0,14.3,0.112,0.068
113,Fagus sylvatica,10.0,14.3,0.112,0.068
114,Fagus sylvatica,10.0,14.3,0.112,0.068
115,Fagus sylvatica,10.1,9.0,0.072,0.053
116,Fagus sylvatica,10.1,14.4,0.115,0.07
117,Fagus sylvatica,10.1,14.4,0.115,0.07
118,Fagus sylvatica,10.1,14.4,0.115,0.07
119,Fagus sylvatica,10.2,14.5,0.118,0.071
120,Fagus sylvatica,10.3,13.1,0.109,0.068
121,Fagus sylvatica,10.3,17.3,0.144,0.082
122,Fagus sylvatica,10.3,14.6,0.122,0.073
123,Fagus sylvatica,10.3,14.6,0.122,0.073
124,Fagus sylvatica,10.3,14.6,0.122,0.073
125,Fagus sylvatica,10.3,14.6,0.122,0.073
126,Fagus sylvatica,10.4,14.7,0.125,0.075
127,Fagus sylvatica,10.4,14.7,0.125,0.075
128,Fagus sylvatica,10.4,14.7,0.125,0.075
129,Fagus sylvatica,10.4,14.7,0.125,0.075
130,Fagus sylvatica,10.4,14.7,0.125,0.075
131,Fagus sylvatica,10.4,14.7,0.125,0.075
132,Fagus sylvatica,10.4,14.7,0.125,0.075
133,Fagus sylvatica,10.4,14.7,0.125,0.075
134,Fagus sylvatica,10.4,14.7,0.125,0.075
135,Fagus sylvatica,10.5,14.7,0.127,0.076
136,Fagus sylvatica,10.5,14.7,0.127,0.076
137,Fagus sylvatica,10.5,14.7,0.127,0.076
138,Fagus sylvatica,10.5,14.7,0.127,0.076
139,Fagus sylvatica,10.5,14.7,0.127,0.076
140,Fagus sylvatica,10.6,14.8,0.131,0.078
141,Fagus sylvatica,10.6,14.8,0.131,0.078
142,Fagus sylvatica,10.6,14.8,0.131,0.078
143,Fagus sylvatica,10.6,14.8,0.131,0.078
144,Fagus sylvatica,10.7,17.6,0.158,0.089
145,Fagus sylvatica,10.7,14.9,0.134,0.08
146,Fagus sylvatica,10.7,14.9,0.134,0.08
147,Fagus sylvatica,10.7,14.9,0.134,0.08
148,Fagus sylvatica,10.7,14.9,0.134,0.08
149,Fagus sylvatica,10.8,15.0,0.137,0.082
150,Fagus sylvatica,10.8,15.0,0.137,0.082
151,Fagus sylvatica,10.8,15.0,0.137,0.082
152,Fagus sylvatica,10.9,15.1,0.141,0.084
153,Fagus sylvatica,10.9,15.1,0.141,0.084
154,Fagus sylvatica,10.9,15.1,0.141,0.084
155,Fagus sylvatica,10.9,15.1,0.141,0.084
156,Fagus sylvatica,10.9,15.1,0.141,0.084
157,Fagus sylvatica,11.0,13.4,0.127,0.079
158,Fagus sylvatica,11.0,15.2,0.144,0.085
159,Fagus sylvatica,11.0,15.2,0.144,0.085
160,Fagus sylvatica,11.0,15.2,0.144,0.085
161,Fagus sylvatica,11.0,15.2,0.144,0.085
162,Fagus sylvatica,11.1,17.2,0.166,0.094
163,Fagus sylvatica,11.1,15.3,0.148,0.087
164,Fagus sylvatica,11.1,15.3,0.148,0.087
165,Fagus sylvatica,11.2,15.4,0.152,0.089
166,Fagus sylvatica,11.2,15.4,0.152,0.089
167,Fagus sylvatica,11.2,15.4,0.152,0.089
168,Fagus sylvatica,11.2,15.4,0.152,0.089
169,Fagus sylvatica,11.2,15.4,0.152,0.089
170,Fagus sylvatica,11.3,15.4,0.154,0.091
171,Fagus sylvatica,11.3,15.4,0.154,0.091
172,Fagus sylvatica,11.3,15.4,0.154,0.091
173,Fagus sylvatica,11.3,15.4,0.154,0.091
174,Fagus sylvatica,11.3,15.4,0.154,0.091
175,Fagus sylvatica,11.3,15.4,0.154,0.091
176,Fagus sylvatica,11.4,15.5,0.158,0.093
177,Fagus sylvatica,11.4,15.5,0.158,0.093
178,Fagus sylvatica,11.5,15.6,0.162,0.095
179,Fagus sylvatica,11.5,15.6,0.162,0.095
180,Fagus sylvatica,11.5,15.6,0.162,0.095
181,Fagus sylvatica,11.5,15.6,0.162,0.095
182,Fagus sylvatica,11.5,15.6,0.162,0.095
183,Fagus sylvatica,11.5,15.6,0.162,0.095
184,Fagus sylvatica,11.6,15.7,0.166,0.097
185,Fagus sylvatica,11.6,15.7,0.166,0.097
186,Fagus sylvatica,11.6,15.7,0.166,0.097
187,Fagus sylvatica,11.6,15.7,0.166,0.097
188,Fagus sylvatica,11.6,15.7,0.166,0.097
189,Fagus sylvatica,11.7,13.5,0.145,0.09
190,Fagus sylvatica,11.7,15.8,0.17,0.099
191,Fagus sylvatica,11.7,15.8,0.17,0.099
192,Fagus sylvatica,11.8,15.9,0.174,0.101
193,Fagus sylvatica,11.8,15.9,0.174,0.101
194,Fagus sylvatica,11.9,15.9,0.177,0.103
195,Fagus sylvatica,11.9,15.9,0.177,0.103
196,Fagus sylvatica,11.9,15.9,0.177,0.103
197,Fagus sylvatica,12.0,16.0,0.181,0.105
198,Fagus sylvatica,12.0,16.0,0.181,0.105
199,Fagus sylvatica,12.1,16.1,0.185,0.107
200,Fagus sylvatica,12.1,16.1,0.185,0.107
201,Fagus sylvatica,12.1,16.1,0.185,0.107
202,Fagus sylvatica,12.2,16.2,0.189,0.11
203,Fagus sylvatica,12.2,16.2,0.189,0.11
204,Fagus sylvatica,12.3,16.2,0.192,0.111
205,Fagus sylvatica,12.3,16.2,0.192,0.111
206,Fagus sylvatica,12.3,16.2,0.192,0.111
207,Fagus sylvatica,12.4,16.3,0.197,0.114
208,Fagus sylvatica,12.4,16.3,0.197,0.114
209,Fagus sylvatica,12.4,16.3,0.197,0.114
210,Fagus sylvatica,12.4,16.3,0.197,0.114
211,Fagus sylvatica,12.4,16.3,0.197,0.114
212,Fagus sylvatica,12.4,16.3,0.197,0.114
213,Fagus sylvatica,12.4,16.3,0.197,0.114
214,Fagus sylvatica,12.5,16.4,0.201,0.116
215,Fagus sylvatica,12.5,16.4,0.201,0.116
216,Fagus sylvatica,12.5,16.4,0.201,0.116
217,Fagus sylvatica,12.5,16.4,0.201,0.116
218,Fagus sylvatica,12.6,16.5,0.206,0.118
219,Fagus sylvatica,12.6,16.5,0.206,0.118
220,Fagus sylvatica,12.6,16.5,0.206,0.118
221,Fagus sylvatica,12.7,16.5,0.209,0.12
222,Fagus sylvatica,12.7,16.5,0.209,0.12
223,Fagus sylvatica,12.8,16.6,0.214,0.123
224,Fagus sylvatica,12.8,16.6,0.214,0.123
225,Fagus sylvatica,12.8,16.6,0.214,0.123
226,Fagus sylvatica,12.8,16.6,0.214,0.123
227,Fagus sylvatica,12.9,17.5,0.229,0.129
228,Fagus sylvatica,12.9,17.6,0.23,0.129
229,Fagus sylvatica,12.9,16.7,0.218,0.125
230,Fagus sylvatica,12.9,16.7,0.218,0.125
231,Fagus sylvatica,13.0,16.7,0.222,0.127
232,Fagus sylvatica,13.0,16.7,0.222,0.127
233,Fagus sylvatica,13.0,16.7,0.222,0.127
234,Fagus sylvatica,13.0,16.7,0.222,0.127
235,Fagus sylvatica,13.0,16.7,0.222,0.127
236,Fagus sylvatica,13.1,16.8,0.226,0.129
237,Fagus sylvatica,13.1,16.8,0.226,0.129
238,Fagus sylvatica,13.1,16.8,0.226,0.129
239,Fagus sylvatica,13.1,16.8,0.226,0.129
240,Fagus sylvatica,13.1,16.8,0.226,0.129
241,Fagus sylvatica,13.2,16.9,0.231,0.132
242,Fagus sylvatica,13.2,16.9,0.231,0.132
243,Fagus sylvatica,13.2,16.9,0.231,0.132
244,Fagus sylvatica,13.3,16.9,0.235,0.134
245,Fagus sylvatica,13.3,16.9,0.235,0.134
246,Fagus sylvatica,13.3,16.9,0.235,0.134
247,Fagus sylvatica,13.3,16.9,0.235,0.134
248,Fagus sylvatica,13.3,16.9,0.235,0.134
249,Fagus sylvatica,13.4,17.0,0.24,0.136
250,Fagus sylvatica,13.4,17.0,0.24,0.136
251,Fagus sylvatica,13.4,17.0,0.24,0.136
252,Fagus sylvatica,13.4,17.0,0.24,0.136
253,Fagus sylvatica,13.4,17.0,0.24,0.136
254,Fagus sylvatica,13.5,17.1,0.245,0.139
255,Fagus sylvatica,13.6,17.1,0.248,0.141
256,Fagus sylvatica,13.6,17.1,0.248,0.141
257,Fagus sylvatica,13.7,17.2,0.254,0.144
258,Fagus sylvatica,13.7,17.2,0.254,0.144
259,Fagus sylvatica,13.7,17.2,0.254,0.144
260,Fagus sylvatica,13.7,17.2,0.254,0.144
261,Fagus sylvatica,13.7,17.2,0.254,0.144
262,Fagus sylvatica,13.8,17.3,0.259,0.146
263,Fagus sylvatica,13.8,17.3,0.259,0.146
264,Fagus sylvatica,13.8,17.3,0.259,0.146
265,Fagus sylvatica,13.8,17.3,0.259,0.146
266,Fagus sylvatica,13.9,16.4,0.249,0.143
267,Fagus sylvatica,13.9,17.3,0.263,0.149
268,Fagus sylvatica,13.9,17.3,0.263,0.149
269,Fagus sylvatica,13.9,17.3,0.263,0.149
270,Fagus sylvatica,13.9,17.3,0.263,0.149
271,Fagus sylvatica,14.0,17.4,0.268,0.151
272,Fagus sylvatica,14.0,17.4,0.268,0.151
273,Fagus sylvatica,14.1,18.1,0.283,0.158
274,Fagus sylvatica,14.1,17.5,0.273,0.154
275,Fagus sylvatica,14.1,17.5,0.273,0.154
276,Fagus sylvatica,14.1,17.5,0.273,0.154
277,Fagus sylvatica,14.2,17.5,0.277,0.156
278,Fagus sylvatica,14.2,17.5,0.277,0.156
279,Fagus sylvatica,14.2,17.5,0.277,0.156
280,Fagus sylvatica,14.2,17.5,0.277,0.156
281,Fagus sylvatica,14.2,17.5,0.277,0.156
282,Fagus sylvatica,14.3,17.6,0.283,0.159
283,Fagus sylvatica,14.3,17.6,0.283,0.159
284,Fagus sylvatica,14.3,17.6,0.283,0.159
285,Fagus sylvatica,14.3,17.6,0.283,0.159
286,Fagus sylvatica,14.4,17.6,0.287,0.161
287,Fagus sylvatica,14.4,17.6,0.287,0.161
288,Fagus sylvatica,14.4,17.6,0.287,0.161
289,Fagus sylvatica,14.4,17.6,0.287,0.161
290,Fagus sylvatica,14.4,17.6,0.287,0.161
291,Fagus sylvatica,14.4,17.6,0.287,0.161
292,Fagus sylvatica,14.5,17.7,0.292,0.164
293,Fagus sylvatica,14.5,17.7,0.292,0.164
294,Fagus sylvatica,14.5,17.7,0.292,0.164
295,Fagus sylvatica,14.5,17.7,0.292,0.164
296,Fagus sylvatica,14.6,17.7,0.296,0.166
297,Fagus sylvatica,14.6,17.7,0.296,0.166
298,Fagus sylvatica,14.6,17.7,0.296,0.166
299,Fagus sylvatica,14.6,17.7,0.296,0.166
300,Fagus sylvatica,14.6,17.7,0.296,0.166
301,Fagus sylvatica,14.6,17.7,0.296,0.166
302,Fagus sylvatica,14.7,18.6,0.316,0.175
303,Fagus sylvatica,14.7,17.8,0.302,0.169
304,Fagus sylvatica,14.7,17.8,0.302,0.169
305,Fagus sylvatica,14.7,17.8,0.302,0.169
306,Fagus sylvatica,14.8,19.6,0.337,0.184
307,Fagus sylvatica,14.8,17.9,0.308,0.172
308,Fagus sylvatica,14.8,17.9,0.308,0.172
309,Fagus sylvatica,14.8,17.9,0.308,0.172
310,Fagus sylvatica,14.9,17.4,0.303,0.171
311,Fagus sylvatica,14.9,17.9,0.312,0.175
312,Fagus sylvatica,14.9,17.9,0.312,0.175
313,Fagus sylvatica,14.9,17.9,0.312,0.175
314,Fagus sylvatica,14.9,17.9,0.312,0.175
315,Fagus sylvatica,14.9,17.9,0.312,0.175
316,Fagus sylvatica,14.9,17.9,0.312,0.175
317,Fagus sylvatica,15.0,18.0,0.318,0.178
318,Fagus sylvatica,15.0,18.0,0.318,0.178
319,Fagus sylvatica,15.0,18.0,0.318,0.178
320,Fagus sylvatica,15.0,18.0,0.318,0.178
321,Fagus sylvatica,15.0,18.0,0.318,0.178
322,Fagus sylvatica,15.0,18.0,0.318,0.178
323,Fagus sylvatica,15.0,18.0,0.318,0.178
324,Fagus sylvatica,15.0,18.0,0.318,0.178
325,Fagus sylvatica,15.0,18.0,0.318,0.178
326,Fagus sylvatica,15.1,18.0,0.322,0.18
327,Fagus sylvatica,15.1,18.0,0.322,0.18
328,Fagus sylvatica,15.1,18.0,0.322,0.18
329,Fagus sylvatica,15.1,18.0,0.322,0.18
330,Fagus sylvatica,15.2,18.1,0.328,0.183
331,Fagus sylvatica,15.2,18.1,0.328,0.183
332,Fagus sylvatica,15.2,18.1,0.328,0.183
333,Fagus sylvatica,15.2,18.1,0.328,0.183
334,Fagus sylvatica,15.2,18.1,0.328,0.183
335,Fagus sylvatica,15.2,18.1,0.328,0.183
336,Fagus sylvatica,15.2,18.1,0.328,0.183
337,Fagus sylvatica,15.2,18.1,0.328,0.183
338,Fagus sylvatica,15.3,18.1,0.333,0.186
339,Fagus sylvatica,15.3,18.1,0.333,0.186
340,Fagus sylvatica,15.4,18.2,0.339,0.189
341,Fagus sylvatica,15.4,18.2,0.339,0.189
342,Fagus sylvatica,15.4,18.2,0.339,0.189
343,Fagus sylvatica,15.4,18.2,0.339,0.189
344,Fagus sylvatica,15.4,18.2,0.339,0.189
345,Fagus sylvatica,15.4,18.2,0.339,0.189
346,Fagus sylvatica,15.4,18.2,0.339,0.189
347,Fagus sylvatica,15.5,18.2,0.343,0.191
348,Fagus sylvatica,15.5,18.2,0.343,0.191
349,Fagus sylvatica,15.5,18.2,0.343,0.191
350,Fagus sylvatica,15.5,18.2,0.343,0.191
351,Fagus sylvatica,15.5,18.2,0.343,0.191
352,Fagus sylvatica,15.6,18.3,0.35,0.194
353,Fagus sylvatica,15.6,18.3,0.35,0.194
354,Fagus sylvatica,15.6,18.3,0.35,0.194
355,Fagus sylvatica,15.6,18.3,0.35,0.194
356,Fagus sylvatica,15.7,18.4,0.356,0.198
357,Fagus sylvatica,15.7,18.4,0.356,0.198
358,Fagus sylvatica,15.7,18.4,0.356,0.198
359,Fagus sylvatica,15.8,19.6,0.384,0.209
360,Fagus sylvatica,15.8,18.4,0.361,0.2
361,Fagus sylvatica,15.8,18.4,0.361,0.2
362,Fagus sylvatica,15.8,18.4,0.361,0.2
363,Fagus sylvatica,15.8,18.4,0.361,0.2
364,Fagus sylvatica,15.8,18.4,0.361,0.2
365,Fagus sylvatica,15.8,18.4,0.361,0.2
366,Fagus sylvatica,15.9,18.5,0.367,0.204
367,Fagus sylvatica,15.9,18.5,0.367,0.204
368,Fagus sylvatica,15.9,18.5,0.367,0.204
369,Fagus sylvatica,15.9,18.5,0.367,0.204
370,Fagus sylvatica,15.9,18.5,0.367,0.204
371,Fagus sylvatica,16.0,18.9,0.38,0.209
372,Fagus sylvatica,16.0,18.5,0.372,0.206
373,Fagus sylvatica,16.0,18.5,0.372,0.206
374,Fagus sylvatica,16.0,18.5,0.372,0.206
375,Fagus sylvatica,16.1,18.6,0.379,0.209
376,Fagus sylvatica,16.1,18.6,0.379,0.209
377,Fagus sylvatica,16.1,18.6,0.379,0.209
378,Fagus sylvatica,16.2,18.6,0.383,0.212
379,Fagus sylvatica,16.2,18.6,0.383,0.212
380,Fagus sylvatica,16.2,18.6,0.383,0.212
381,Fagus sylvatica,16.2,18.6,0.383,0.212
382,Fagus sylvatica,16.2,18.6,0.383,0.212
383,Fagus sylvatica,16.2,18.6,0.383,0.212
384,Fagus sylvatica,16.3,18.7,0.39,0.215
385,Fagus sylvatica,16.3,18.7,0.39,0.215
386,Fagus sylvatica,16.3,18.7,0.39,0.215
387,Fagus sylvatica,16.4,18.7,0.395,0.218
388,Fagus sylvatica,16.4,18.7,0.395,0.218
389,Fagus sylvatica,16.4,18.7,0.395,0.218
390,Fagus sylvatica,16.4,18.7,0.395,0.218
391,Fagus sylvatica,16.4,18.7,0.395,0.218
392,Fagus sylvatica,16.5,21.1,0.451,0.24
393,Fagus sylvatica,16.5,18.8,0.402,0.222
394,Fagus sylvatica,16.5,18.8,0.402,0.222
395,Fagus sylvatica,16.5,18.8,0.402,0.222
396,Fagus sylvatica,16.5,18.8,0.402,0.222
397,Fagus sylvatica,16.5,18.8,0.402,0.222
398,Fagus sylvatica,16.6,18.8,0.407,0.224
399,Fagus sylvatica,16.7,15.7,0.344,0.201
400,Fagus sylvatica,16.7,15.3,0.335,0.198
401,Fagus sylvatica,16.7,18.9,0.414,0.228
402,Fagus sylvatica,16.7,18.9,0.414,0.228
403,Fagus sylvatica,16.8,17.4,0.386,0.218
404,Fagus sylvatica,16.8,18.9,0.419,0.231
405,Fagus sylvatica,16.8,18.9,0.419,0.231
406,Fagus sylvatica,16.8,18.9,0.419,0.231
407,Fagus sylvatica,16.9,18.9,0.424,0.233
408,Fagus sylvatica,16.9,18.9,0.424,0.233
409,Fagus sylvatica,17.0,19.0,0.431,0.237
410,Fagus sylvatica,17.0,19.0,0.431,0.237
411,Fagus sylvatica,17.1,19.0,0.436,0.24
412,Fagus sylvatica,17.1,19.0,0.436,0.24
413,Fagus sylvatica,17.1,19.0,0.436,0.24
414,Fagus sylvatica,17.1,19.0,0.436,0.24
415,Fagus sylvatica,17.1,19.0,0.436,0.24
416,Fagus sylvatica,17.2,19.1,0.444,0.243
417,Fagus sylvatica,17.2,19.1,0.444,0.243
418,Fagus sylvatica,17.2,19.1,0.444,0.243
419,Fagus sylvatica,17.2,19.1,0.444,0.243
420,Fagus sylvatica,17.3,19.1,0.449,0.246
421,Fagus sylvatica,17.3,19.1,0.449,0.246
422,Fagus sylvatica,17.3,19.1,0.449,0.246
423,Fagus sylvatica,17.4,19.2,0.457,0.25
424,Fagus sylvatica,17.4,19.2,0.457,0.25
425,Fagus sylvatica,17.5,19.2,0.462,0.253
426,Fagus sylvatica,17.5,19.2,0.462,0.253
427,Fagus sylvatica,17.6,19.3,0.47,0.257
428,Fagus sylvatica,17.6,19.3,0.47,0.257
429,Fagus sylvatica,17.7,19.3,0.475,0.26
430,Fagus sylvatica,17.8,19.3,0.48,0.263
431,Fagus sylvatica,17.8,19.3,0.48,0.263
432,Fagus sylvatica,17.9,18.1,0.455,0.254
433,Fagus sylvatica,17.9,19.4,0.488,0.267
434,Fagus sylvatica,17.9,19.4,0.488,0.267
435,Fagus sylvatica,18.0,19.4,0.494,0.27
436,Fagus sylvatica,18.1,19.5,0.502,0.274
437,Fagus sylvatica,18.2,19.5,0.507,0.277
438,Fagus sylvatica,18.2,19.5,0.507,0.277
439,Fagus sylvatica,18.2,19.5,0.507,0.277
440,Fagus sylvatica,18.3,19.6,0.516,0.281
441,Fagus sylvatica,18.3,19.6,0.516,0.281
442,Fagus sylvatica,18.4,19.6,0.521,0.284
443,Fagus sylvatica,18.4,19.6,0.521,0.284
444,Fagus sylvatica,18.5,19.6,0.527,0.287
445,Fagus sylvatica,18.6,19.7,0.535,0.291
446,Fagus sylvatica,18.6,19.7,0.535,0.291
447,Fagus sylvatica,18.6,19.7,0.535,0.291
448,Fagus sylvatica,18.7,19.7,0.541,0.294
449,Fagus sylvatica,18.7,19.7,0.541,0.294
450,Fagus sylvatica,18.7,19.7,0.541,0.294
451,Fagus sylvatica,18.7,19.7,0.541,0.294
452,Fagus sylvatica,18.7,19.7,0.541,0.294
453,Fagus sylvatica,18.8,19.8,0.55,0.298
454,Fagus sylvatica,18.8,19.8,0.55,0.298
455,Fagus sylvatica,18.8,19.8,0.55,0.298
456,Fagus sylvatica,18.9,19.8,0.555,0.301
457,Fagus sylvatica,18.9,19.8,0.555,0.301
458,Fagus sylvatica,19.0,19.8,0.561,0.305
459,Fagus sylvatica,19.0,19.8,0.561,0.305
460,Fagus sylvatica,19.1,19.9,0.57,0.309
461,Fagus sylvatica,19.1,19.9,0.57,0.309
462,Fagus sylvatica,19.1,19.9,0.57,0.309
463,Fagus sylvatica,19.1,19.9,0.57,0.309
464,Fagus sylvatica,19.1,19.9,0.57,0.309
465,Fagus sylvatica,19.2,19.9,0.576,0.312
466,Fagus sylvatica,19.3,20.0,0.585,0.317
467,Fagus sylvatica,19.3,20.0,0.585,0.317
468,Fagus sylvatica,19.3,20.0,0.585,0.317
469,Fagus sylvatica,19.3,20.0,0.585,0.317
470,Fagus sylvatica,19.4,20.0,0.591,0.32
471,Fagus sylvatica,19.4,20.0,0.591,0.32
472,Fagus sylvatica,19.4,20.0,0.591,0.32
473,Fagus sylvatica,19.4,20.0,0.591,0.32
474,Fagus sylvatica,19.4,20.0,0.591,0.32
475,Fagus sylvatica,19.5,20.0,0.597,0.323
476,Fagus sylvatica,19.5,20.0,0.597,0.323
477,Fagus sylvatica,19.6,20.1,0.606,0.328
478,Fagus sylvatica,19.7,20.1,0.613,0.331
479,Fagus sylvatica,19.8,20.1,0.619,0.334
480,Fagus sylvatica,20.0,20.2,0.635,0.342
481,Fagus sylvatica,20.0,20.2,0.635,0.342
482,Fagus sylvatica,20.1,20.2,0.641,0.346
483,Fagus sylvatica,20.2,20.3,0.651,0.351
484,Fagus sylvatica,20.3,20.3,0.657,0.354
485,Fagus sylvatica,20.3,20.3,0.657,0.354
486,Fagus sylvatica,20.3,20.3,0.657,0.354
487,Fagus sylvatica,20.4,20.3,0.664,0.357
488,Fagus sylvatica,20.4,20.3,0.664,0.357
489,Fagus sylvatica,20.5,18.3,0.604,0.336
490,Fagus sylvatica,20.5,20.4,0.673,0.362
491,Fagus sylvatica,20.6,20.4,0.68,0.366
492,Fagus sylvatica,20.7,20.5,0.69,0.371
493,Fagus sylvatica,21.0,20.6,0.714,0.383
494,Fagus sylvatica,21.0,20.6,0.714,0.383
495,Fagus sylvatica,21.2,20.8,0.734,0.393
496,Fagus sylvatica,21.2,20.6,0.727,0.39
497,Fagus sylvatica,21.4,20.7,0.745,0.399
498,Fagus sylvatica,21.4,20.7,0.745,0.399
499,Fagus sylvatica,21.6,21.9,0.802,0.423
500,Fagus sylvatica,21.8,20.8,0.776,0.415
501,Fagus sylvatica,21.9,20.8,0.784,0.419
502,Fagus sylvatica,21.9,20.8,0.784,0.419
503,Fagus sylvatica,22.1,20.9,0.802,0.428
504,Fagus sylvatica,22.2,20.9,0.809,0.432
505,Fagus sylvatica,22.2,20.9,0.809,0.432
506,Fagus sylvatica,22.3,21.0,0.82,0.438
507,Fagus sylvatica,22.3,21.0,0.82,0.438
508,Fagus sylvatica,22.3,21.0,0.82,0.438
509,Fagus sylvatica,22.5,21.0,0.835,0.446
510,Fagus sylvatica,22.5,21.0,0.835,0.446
511,Fagus sylvatica,22.7,25.3,1.024,0.52
512,Fagus sylvatica,22.7,21.1,0.854,0.455
513,Fagus sylvatica,22.7,21.1,0.854,0.455
514,Fagus sylvatica,22.9,21.1,0.869,0.463
515,Fagus sylvatica,23.2,21.2,0.896,0.477
516,Fagus sylvatica,23.2,21.2,0.896,0.477
517,Fagus sylvatica,23.5,21.3,0.924,0.491
518,Fagus sylvatica,23.6,21.3,0.932,0.495
519,Fagus sylvatica,23.7,21.4,0.944,0.501
520,Fagus sylvatica,24.1,21.5,0.981,0.52
521,Fagus sylvatica,24.4,21.5,1.005,0.533
522,Fagus sylvatica,24.6,21.6,1.027,0.543
523,Fagus sylvatica,25.0,21.7,1.065,0.563
524,Fagus sylvatica,25.0,21.7,1.065,0.563
525,Fagus sylvatica,25.1,21.7,1.074,0.568
526,Fagus sylvatica,25.5,21.8,1.113,0.588
527,Fagus sylvatica,26.9,22.1,1.256,0.661
528,Fagus sylvatica,27.1,22.2,1.281,0.673
529,Picea abies,7.5,7.2,0.032,0.026
530,Picea abies,7.7,7.5,0.035,0.028
531,Picea abies,9.5,9.9,0.07,0.051
532,Picea abies,10.1,10.7,0.086,0.06
533,Picea abies,11.1,11.9,0.115,0.077
534,Picea abies,11.4,12.3,0.126,0.083
535,Picea abies,13.1,14.1,0.19,0.12
536,Picea abies,13.2,14.2,0.194,0.122
537,Picea abies,14.0,13.5,0.208,0.131
538,Picea abies,15.1,16.0,0.287,0.173
539,Picea abies,16.0,18.1,0.364,0.214
540,Picea abies,16.0,16.8,0.338,0.201
541,Picea abies,16.1,16.9,0.344,0.204
542,Picea abies,16.3,17.0,0.355,0.21
543,Picea abies,16.5,17.2,0.368,0.217
544,Picea abies,17.1,19.3,0.443,0.256
545,Picea abies,17.3,17.8,0.418,0.244
546,Picea abies,17.5,17.9,0.431,0.25
547,Picea abies,18.0,18.3,0.466,0.268
548,Picea abies,18.2,18.5,0.481,0.276
549,Picea abies,19.3,17.7,0.518,0.296
550,Picea abies,20.0,19.7,0.619,0.347
551,Picea abies,21.3,20.4,0.727,0.402
552,Picea abies,22.1,20.9,0.802,0.439
553,Picea abies,22.4,21.0,0.828,0.452
554,Picea abies,22.4,21.0,0.828,0.452
555,Picea abies,24.9,22.3,1.086,0.578
556,Picea abies,25.3,22.5,1.131,0.6
557,Pinus sylvestris,22.3,27.2,1.062,0.485
558,Pinus sylvestris,23.2,27.4,1.158,0.529
559,Pinus sylvestris,23.7,27.5,1.213,0.553
560,Pinus sylvestris,23.8,27.5,1.223,0.558
561,Pinus sylvestris,26.4,28.0,1.533,0.697
562,Pinus sylvestris,27.1,28.1,1.621,0.737
563,Pinus sylvestris,27.1,28.1,1.621,0.737
564,Pinus sylvestris,27.5,28.2,1.675,0.761
565,Pinus sylvestris,28.0,28.3,1.743,0.791
566,Pinus sylvestris,28.1,28.3,1.755,0.797
567,Pinus sylvestris,28.2,28.3,1.768,0.802
568,Pinus sylvestris,28.5,28.3,1.805,0.82
569,Pinus sylvestris,28.6,28.4,1.824,0.828
570,Pinus sylvestris,28.7,28.4,1.837,0.834
571,Pinus sylvestris,28.9,28.4,1.863,0.845
572,Pinus sylvestris,28.9,28.4,1.863,0.845
573,Pinus sylvestris,29.0,28.4,1.876,0.851
574,Pinus sylvestris,29.2,28.4,1.902,0.863
575,Pinus sylvestris,29.3,28.5,1.922,0.871
576,Pinus sylvestris,29.9,28.5,2.001,0.907
577,Pinus sylvestris,30.0,28.6,2.022,0.916
578,Pinus sylvestris,30.4,28.6,2.076,0.941
579,Pinus sylvestris,30.7,28.6,2.117,0.959
580,Pinus sylvestris,30.7,28.6,2.117,0.959
581,Pinus sylvestris,30.7,28.6,2.117,0.959
582,Pinus sylvestris,30.8,28.7,2.138,0.969
583,Pinus sylvestris,30.8,28.7,2.138,0.969
584,Pinus sylvestris,30.9,28.7,2.152,0.975
585,Pinus sylvestris,30.9,28.7,2.152,0.975
586,Pinus sylvestris,31.0,28.7,2.166,0.981
587,Pinus sylvestris,31.1,28.7,2.18,0.988
588,Pinus sylvestris,31.1,28.7,2.18,0.988
589,Pinus sylvestris,31.1,28.7,2.18,0.988
590,Pinus sylvestris,31.1,28.7,2.18,0.988
591,Pinus sylvestris,31.1,28.7,2.18,0.988
592,Pinus sylvestris,31.1,28.7,2.18,0.988
593,Pinus sylvestris,31.1,28.7,2.18,0.988
594,Pinus sylvestris,31.2,28.7,2.194,0.994
595,Pinus sylvestris,31.3,28.7,2.208,1.0
596,Pinus sylvestris,31.4,28.7,2.222,1.007
597,Pinus sylvestris,31.6,28.8,2.259,1.023
598,Pinus sylvestris,31.6,28.8,2.259,1.023
599,Pinus sylvestris,31.6,28.8,2.259,1.023
600,Pinus sylvestris,31.7,28.8,2.273,1.029
601,Pinus sylvestris,31.7,28.8,2.273,1.029
602,Pinus sylvestris,31.8,28.8,2.287,1.036
603,Pinus sylvestris,32.0,28.8,2.316,1.049
604,Pinus sylvestris,32.0,28.8,2.316,1.049
605,Pinus sylvestris,32.1,28.7,2.323,1.052
606,Pinus sylvestris,32.1,28.8,2.331,1.055
607,Pinus sylvestris,32.1,28.8,2.331,1.055
608,Pinus sylvestris,32.1,28.8,2.331,1.055
609,Pinus sylvestris,32.2,28.8,2.345,1.062
610,Pinus sylvestris,32.3,28.8,2.36,1.068
611,Pinus sylvestris,32.3,28.8,2.36,1.068
612,Pinus sylvestris,32.3,28.8,2.36,1.068
613,Pinus sylvestris,32.4,28.8,2.375,1.075
614,Pinus sylvestris,32.6,28.9,2.412,1.091
615,Pinus sylvestris,32.6,28.9,2.412,1.091
616,Pinus sylvestris,32.6,28.9,2.412,1.091
617,Pinus sylvestris,32.7,28.9,2.427,1.098
618,Pinus sylvestris,32.7,28.9,2.427,1.098
619,Pinus sylvestris,32.7,28.9,2.427,1.098
620,Pinus sylvestris,32.8,28.9,2.442,1.105
621,Pinus sylvestris,32.8,28.9,2.442,1.105
622,Pinus sylvestris,32.8,28.9,2.442,1.105
623,Pinus sylvestris,32.8,28.9,2.442,1.105
624,Pinus sylvestris,32.8,28.9,2.442,1.105
625,Pinus sylvestris,32.9,28.9,2.457,1.112
626,Pinus sylvestris,32.9,28.9,2.457,1.112
627,Pinus sylvestris,33.0,30.6,2.617,1.174
628,Pinus sylvestris,33.0,28.9,2.472,1.118
629,Pinus sylvestris,33.1,28.9,2.487,1.125
630,Pinus sylvestris,33.1,28.9,2.487,1.125
631,Pinus sylvestris,33.2,28.9,2.502,1.132
632,Pinus sylvestris,33.3,28.9,2.517,1.139
633,Pinus sylvestris,33.4,29.0,2.541,1.149
634,Pinus sylvestris,33.4,29.0,2.541,1.149
635,Pinus sylvestris,33.4,29.0,2.541,1.149
636,Pinus sylvestris,33.5,28.2,2.486,1.129
637,Pinus sylvestris,33.5,29.0,2.556,1.156
638,Pinus sylvestris,33.5,29.0,2.556,1.156
639,Pinus sylvestris,33.5,29.0,2.556,1.156
640,Pinus sylvestris,33.6,29.6,2.625,1.183
641,Pinus sylvestris,33.7,29.0,2.587,1.17
642,Pinus sylvestris,33.8,29.0,2.602,1.177
643,Pinus sylvestris,33.8,29.0,2.602,1.177
644,Pinus sylvestris,33.9,29.0,2.618,1.184
645,Pinus sylvestris,33.9,29.0,2.618,1.184
646,Pinus sylvestris,33.9,29.0,2.618,1.184
647,Pinus sylvestris,33.9,29.0,2.618,1.184
648,Pinus sylvestris,34.0,29.0,2.633,1.191
649,Pinus sylvestris,34.0,29.0,2.633,1.191
650,Pinus sylvestris,34.0,29.0,2.633,1.191
651,Pinus sylvestris,34.0,29.0,2.633,1.191
652,Pinus sylvestris,34.0,29.0,2.633,1.191
653,Pinus sylvestris,34.1,29.0,2.648,1.198
654,Pinus sylvestris,34.5,29.1,2.72,1.23
655,Pinus sylvestris,34.6,29.1,2.736,1.237
656,Pinus sylvestris,34.7,29.1,2.752,1.244
657,Pinus sylvestris,34.7,29.1,2.752,1.244
658,Pinus sylvestris,34.7,29.1,2.752,1.244
659,Pinus sylvestris,34.7,29.1,2.752,1.244
660,Pinus sylvestris,34.8,27.7,2.635,1.2
661,Pinus sylvestris,34.8,29.1,2.768,1.251
662,Pinus sylvestris,34.8,29.1,2.768,1.251
663,Pinus sylvestris,34.8,29.1,2.768,1.251
664,Pinus sylvestris,34.9,29.1,2.784,1.258
665,Pinus sylvestris,34.9,29.1,2.784,1.258
666,Pinus sylvestris,35.0,29.1,2.8,1.265
667,Pinus sylvestris,35.0,29.1,2.8,1.265
668,Pinus sylvestris,35.2,29.1,2.832,1.28
669,Pinus sylvestris,35.2,29.1,2.832,1.28
670,Pinus sylvestris,35.3,29.2,2.858,1.291
671,Pinus sylvestris,35.3,29.2,2.858,1.291
672,Pinus sylvestris,35.3,29.2,2.858,1.291
673,Pinus sylvestris,35.3,29.2,2.858,1.291
674,Pinus sylvestris,35.4,27.9,2.746,1.249
675,Pinus sylvestris,35.4,29.2,2.874,1.298
676,Pinus sylvestris,35.4,29.2,2.874,1.298
677,Pinus sylvestris,35.4,29.2,2.874,1.298
678,Pinus sylvestris,35.4,29.2,2.874,1.298
679,Pinus sylvestris,35.4,29.2,2.874,1.298
680,Pinus sylvestris,35.5,28.0,2.771,1.26
681,Pinus sylvestris,35.6,29.2,2.907,1.313
682,Pinus sylvestris,35.6,29.2,2.907,1.313
683,Pinus sylvestris,35.7,29.2,2.923,1.32
684,Pinus sylvestris,35.8,29.2,2.939,1.328
685,Pinus sylvestris,35.8,29.2,2.939,1.328
686,Pinus sylvestris,35.8,29.2,2.939,1.328
687,Pinus sylvestris,36.0,29.2,2.972,1.343
688,Pinus sylvestris,36.2,29.2,3.005,1.358
689,Pinus sylvestris,36.2,29.2,3.005,1.358
690,Pinus sylvestris,36.2,29.2,3.005,1.358
691,Pinus sylvestris,36.3,29.2,3.022,1.365
692,Pinus sylvestris,36.3,29.2,3.022,1.365
693,Pinus sylvestris,36.4,29.3,3.049,1.377
694,Pinus sylvestris,36.4,29.3,3.049,1.377
695,Pinus sylvestris,36.4,29.3,3.049,1.377
696,Pinus sylvestris,36.5,29.3,3.066,1.384
697,Pinus sylvestris,36.5,29.3,3.066,1.384
698,Pinus sylvestris,36.6,29.3,3.083,1.392
699,Pinus sylvestris,36.6,29.3,3.083,1.392
700,Pinus sylvestris,36.7,29.3,3.099,1.399
701,Pinus sylvestris,36.7,29.3,3.099,1.399
702,Pinus sylvestris,36.8,29.3,3.116,1.407
703,Pinus sylvestris,36.8,29.3,3.116,1.407
704,Pinus sylvestris,36.8,29.3,3.116,1.407
705,Pinus sylvestris,36.9,29.3,3.133,1.415
706,Pinus sylvestris,37.0,29.3,3.15,1.422
707,Pinus sylvestris,37.0,29.3,3.15,1.422
708,Pinus sylvestris,37.1,29.3,3.167,1.43
709,Pinus sylvestris,37.2,29.3,3.185,1.438
710,Pinus sylvestris,37.3,29.3,3.202,1.446
711,Pinus sylvestris,37.4,29.3,3.219,1.453
712,Pinus sylvestris,37.5,29.4,3.247,1.465
713,Pinus sylvestris,37.5,29.4,3.247,1.465
714,Pinus sylvestris,37.5,29.4,3.247,1.465
715,Pinus sylvestris,37.5,29.4,3.247,1.465
716,Pinus sylvestris,37.6,29.4,3.264,1.473
717,Pinus sylvestris,37.6,29.4,3.264,1.473
718,Pinus sylvestris,37.6,29.4,3.264,1.473
719,Pinus sylvestris,37.7,29.4,3.282,1.481
720,Pinus sylvestris,37.7,29.4,3.282,1.481
721,Pinus sylvestris,37.7,29.4,3.282,1.481
722,Pinus sylvestris,37.8,29.4,3.299,1.489
723,Pinus sylvestris,37.9,29.4,3.317,1.497
724,Pinus sylvestris,37.9,29.4,3.317,1.497
725,Pinus sylvestris,37.9,29.4,3.317,1.497
726,Pinus sylvestris,37.9,29.4,3.317,1.497
727,Pinus sylvestris,38.0,29.4,3.334,1.505
728,Pinus sylvestris,38.0,29.4,3.334,1.505
729,Pinus sylvestris,38.1,29.4,3.352,1.513
730,Pinus sylvestris,38.2,29.4,3.369,1.521
731,Pinus sylvestris,38.3,29.4,3.387,1.528
732,Pinus sylvestris,38.3,29.4,3.387,1.528
733,Pinus sylvestris,38.4,29.4,3.405,1.536
734,Pinus sylvestris,38.5,29.4,3.423,1.545
735,Pinus sylvestris,38.5,29.4,3.423,1.545
736,Pinus sylvestris,38.5,29.4,3.423,1.545
737,Pinus sylvestris,38.6,29.4,3.44,1.553
738,Pinus sylvestris,38.6,29.4,3.44,1.553
739,Pinus sylvestris,38.8,31.9,3.772,1.682
740,Pinus sylvestris,38.8,29.8,3.523,1.587
741,Pinus sylvestris,38.8,29.5,3.488,1.573
742,Pinus sylvestris,38.9,29.5,3.506,1.581
743,Pinus sylvestris,38.9,29.5,3.506,1.581
744,Pinus sylvestris,39.0,29.5,3.524,1.589
745,Pinus sylvestris,39.0,29.5,3.524,1.589
746,Pinus sylvestris,39.1,29.5,3.542,1.598
747,Pinus sylvestris,39.2,29.5,3.56,1.606
748,Pinus sylvestris,39.2,29.5,3.56,1.606
749,Pinus sylvestris,39.3,29.5,3.578,1.614
750,Pinus sylvestris,39.3,29.5,3.578,1.614
751,Pinus sylvestris,39.3,29.5,3.578,1.614
752,Pinus sylvestris,39.4,29.5,3.597,1.622
753,Pinus sylvestris,39.4,29.5,3.597,1.622
754,Pinus sylvestris,39.5,29.5,3.615,1.63
755,Pinus sylvestris,39.5,29.5,3.615,1.63
756,Pinus sylvestris,39.6,31.9,3.929,1.752
757,Pinus sylvestris,39.7,29.5,3.652,1.647
758,Pinus sylvestris,39.8,29.5,3.67,1.655
759,Pinus sylvestris,40.0,29.6,3.72,1.677
760,Pinus sylvestris,40.0,29.6,3.72,1.677
761,Pinus sylvestris,40.1,29.6,3.738,1.685
762,Pinus sylvestris,40.4,30.1,3.859,1.735
763,Pinus sylvestris,40.4,29.6,3.794,1.711
764,Pinus sylvestris,40.4,29.6,3.794,1.711
765,Pinus sylvestris,40.5,29.6,3.813,1.719
766,Pinus sylvestris,40.6,29.6,3.832,1.727
767,Pinus sylvestris,40.6,29.6,3.832,1.727
768,Pinus sylvestris,40.6,29.6,3.832,1.727
769,Pinus sylvestris,40.7,29.6,3.851,1.736
770,Pinus sylvestris,40.8,29.6,3.87,1.745
771,Pinus sylvestris,40.8,29.6,3.87,1.745
772,Pinus sylvestris,40.9,29.6,3.889,1.753
773,Pinus sylvestris,40.9,29.6,3.889,1.753
774,Pinus sylvestris,40.9,29.6,3.889,1.753
775,Pinus sylvestris,41.0,29.6,3.908,1.762
776,Pinus sylvestris,41.1,29.6,3.927,1.77
777,Pinus sylvestris,41.1,29.6,3.927,1.77
778,Pinus sylvestris,41.1,29.6,3.927,1.77
779,Pinus sylvestris,41.2,29.6,3.946,1.779
780,Pinus sylvestris,41.2,29.6,3.946,1.779
781,Pinus sylvestris,41.3,27.8,3.724,1.695
782,Pinus sylvestris,41.3,29.7,3.979,1.793
783,Pinus sylvestris,41.4,29.7,3.998,1.801
784,Pinus sylvestris,41.5,29.7,4.017,1.81
785,Pinus sylvestris,41.5,29.7,4.017,1.81
786,Pinus sylvestris,41.7,29.7,4.056,1.828
787,Pinus sylvestris,41.8,29.7,4.076,1.836
788,Pinus sylvestris,41.9,29.7,4.095,1.845
789,Pinus sylvestris,41.9,29.7,4.095,1.845
790,Pinus sylvestris,42.0,28.7,3.976,1.801
791,Pinus sylvestris,42.1,29.7,4.134,1.863
792,Pinus sylvestris,42.2,29.3,4.098,1.85
793,Pinus sylvestris,42.2,29.7,4.154,1.872
794,Pinus sylvestris,42.2,29.7,4.154,1.872
795,Pinus sylvestris,42.4,29.7,4.194,1.889
796,Pinus sylvestris,42.5,29.7,4.213,1.898
797,Pinus sylvestris,42.5,29.7,4.213,1.898
798,Pinus sylvestris,42.7,29.8,4.267,1.922
799,Pinus sylvestris,42.8,29.8,4.287,1.931
800,Pinus sylvestris,43.0,29.8,4.328,1.949
801,Pinus sylvestris,43.2,29.8,4.368,1.967
802,Pinus sylvestris,43.2,29.8,4.368,1.967
803,Pinus sylvestris,43.2,29.8,4.368,1.967
804,Pinus sylvestris,43.3,29.8,4.388,1.976
805,Pinus sylvestris,43.5,29.8,4.429,1.994
806,Pinus sylvestris,43.6,29.8,4.449,2.004
807,Pinus sylvestris,43.8,29.8,4.49,2.022
808,Pinus sylvestris,43.8,29.8,4.49,2.022
809,Pinus sylvestris,43.9,29.8,4.511,2.031
810,Pinus sylvestris,44.2,29.9,4.588,2.065
811,Pinus sylvestris,44.3,29.9,4.609,2.074
812,Pinus sylvestris,44.4,29.9,4.629,2.084
813,Pinus sylvestris,44.9,29.9,4.734,2.131
814,Pinus sylvestris,44.9,29.9,4.734,2.131
815,Pinus sylvestris,45.1,29.9,4.777,2.15
816,Pinus sylvestris,45.3,29.9,4.819,2.169
817,Pinus sylvestris,45.4,29.9,4.84,2.179
818,Pinus sylvestris,45.5,29.9,4.862,2.188
819,Pinus sylvestris,45.8,29.9,4.926,2.217
820,Pinus sylvestris,46.0,30.0,4.986,2.243
821,Pinus sylvestris,46.0,30.0,4.986,2.243
822,Pinus sylvestris,46.1,30.0,5.007,2.253
823,Pinus sylvestris,46.5,30.0,5.095,2.292
824,Pinus sylvestris,46.5,30.0,5.095,2.292
825,Pinus sylvestris,46.7,30.0,5.139,2.312
826,Pinus sylvestris,47.0,30.0,5.205,2.342
827,Pinus sylvestris,47.2,30.0,5.249,2.362
828,Pinus sylvestris,47.7,30.1,5.379,2.419
829,Pinus sylvestris,47.8,30.1,5.401,2.429
830,Pinus sylvestris,47.9,30.1,5.424,2.439
831,Pinus sylvestris,48.2,30.1,5.492,2.47
832,Pinus sylvestris,48.3,30.1,5.515,2.48
833,Pinus sylvestris,49.0,30.1,5.676,2.552
834,Pinus sylvestris,49.3,30.2,5.765,2.591
835,Pinus sylvestris,49.4,30.1,5.769,2.594
836,Pinus sylvestris,50.0,30.2,5.93,2.665
837,Pinus sylvestris,50.6,30.2,6.073,2.729
838,Pinus sylvestris,62.4,30.7,9.389,4.209
839,Quercus petraea,7.6,11.5,0.052,0.036
840,Quercus petraea,8.1,12.2,0.063,0.042
841,Quercus petraea,8.4,12.5,0.069,0.046
842,Quercus petraea,8.9,13.1,0.081,0.053
843,Quercus petraea,9.3,13.6,0.092,0.06
844,Quercus petraea,9.6,13.9,0.101,0.064
845,Quercus petraea,11.8,15.9,0.174,0.105
846,Quercus petraea,12.0,16.0,0.181,0.109
847,Quercus petraea,12.1,16.1,0.185,0.112
848,Quercus petraea,12.9,16.7,0.218,0.13
849,Quercus petraea,13.3,16.9,0.235,0.139
850,Quercus petraea,13.6,17.1,0.248,0.147
851,Quercus petraea,13.8,17.3,0.259,0.152
852,Quercus petraea,13.9,17.3,0.263,0.154
853,Quercus petraea,14.0,17.4,0.268,0.157
854,Quercus petraea,14.6,17.7,0.296,0.173
855,Quercus petraea,15.1,18.0,0.322,0.187
856,Quercus petraea,16.7,18.9,0.414,0.236
857,Quercus rubra,9.6,13.9,0.101,0.064
